Date;ETo_FAO_mm
2013-01-01;
2013-01-02;
2013-01-03;0.35
2013-01-04;0.37
2013-01-05;0.04
2013-01-06;0.09
2013-01-07;0.06
2013-01-08;0.03
2013-01-09;0.05
2013-01-10;0.4
2013-01-11;0.38
2013-01-12;0.32
2013-01-13;0.12
2013-01-14;0.19
2013-01-15;0.14
2013-01-16;
2013-01-17;0.08
2013-01-18;0.19
2013-01-19;
2013-01-20;0.11
2013-01-21;0.33
2013-01-22;0.18
2013-01-23;
2013-01-24;
2013-01-25;0.15
2013-01-26;0.52
2013-01-27;0.23
2013-01-28;0.18
2013-01-29;0.2
2013-01-30;0.2
2013-01-31;0.41
2013-02-01;0.12
2013-02-02;
2013-02-03;0.19
2013-02-04;0.37
2013-02-05;0.29
2013-02-06;0.17
2013-02-07;0.27
2013-02-08;0.33
2013-02-09;0.28
2013-02-10;0.34
2013-02-11;0.32
2013-02-12;0.25
2013-02-13;0.14
2013-02-14;0.37
2013-02-15;0.27
2013-02-16;0.26
2013-02-17;0.27
2013-02-18;0.28
2013-02-19;0.52
2013-02-20;0.56
2013-02-21;0.44
2013-02-22;0.28
2013-02-23;0.39
2013-02-24;0.64
2013-02-25;0.45
2013-02-26;0.51
2013-02-27;0.34
2013-02-28;0.81
2013-03-01;1.29
2013-03-02;1.26
2013-03-03;1.27
2013-03-04;0.61
2013-03-05;0.75
2013-03-06;0.89
2013-03-07;1.81
2013-03-08;1.43
2013-03-09;1.1
2013-03-10;1.16
2013-03-11;0.82
2013-03-12;0.87
2013-03-13;0.68
2013-03-14;0.95
2013-03-15;0.88
2013-03-16;1.55
2013-03-17;1.48
2013-03-18;1.54
2013-03-19;0.87
2013-03-20;0.9
2013-03-21;1.17
2013-03-22;1.2
2013-03-23;1.17
2013-03-24;1.39
2013-03-25;1.47
2013-03-26;1.56
2013-03-27;1.37
2013-03-28;1.51
2013-03-29;1.63
2013-03-30;1.84
2013-03-31;1.79
2013-04-01;2.02
2013-04-02;2.03
2013-04-03;2.12
2013-04-04;2.17
2013-04-05;2.27
2013-04-06;1.92
2013-04-07;2.21
2013-04-08;1.93
2013-04-09;2.06
2013-04-10;2.49
2013-04-11;1.35
2013-04-12;0.72
2013-04-13;1.29
2013-04-14;2.26
2013-04-15;1.54
2013-04-16;2.02
2013-04-17;2.8
2013-04-18;1.94
2013-04-19;1.77
2013-04-20;2.58
2013-04-21;2.81
2013-04-22;2.24
2013-04-23;2.44
2013-04-24;1.61
2013-04-25;2.07
2013-04-26;2.38
2013-04-27;2.19
2013-04-28;2.24
2013-04-29;1.74
2013-04-30;2.13
2013-05-01;2.84
2013-05-02;2.91
2013-05-03;3.44
2013-05-04;2.71
2013-05-05;2.84
2013-05-06;3.59
2013-05-07;4.05
2013-05-08;2.51
2013-05-09;1.94
2013-05-10;3.21
2013-05-11;2.86
2013-05-12;2.45
2013-05-13;2.08
2013-05-14;2.25
2013-05-15;3.71
2013-05-16;4.97
2013-05-17;5.18
2013-05-18;5.07
2013-05-19;2.6
2013-05-20;2.52
2013-05-21;2.64
2013-05-22;1.76
2013-05-23;3.25
2013-05-24;4.14
2013-05-25;3.51
2013-05-26;4.46
2013-05-27;3.9
2013-05-28;4.05
2013-05-29;3.02
2013-05-30;4.63
2013-05-31;4.9
2013-06-01;4.57
2013-06-02;3.06
2013-06-03;4.93
2013-06-04;4.85
2013-06-05;4.73
2013-06-06;4.41
2013-06-07;3.84
2013-06-08;3.63
2013-06-09;3.88
2013-06-10;4.88
2013-06-11;4.28
2013-06-12;2.93
2013-06-13;2.88
2013-06-14;2.96
2013-06-15;4.14
2013-06-16;2.91
2013-06-17;3.97
2013-06-18;4.36
2013-06-19;2.42
2013-06-20;3.86
2013-06-21;3.28
2013-06-22;1.82
2013-06-23;2.62
2013-06-24;3.31
2013-06-25;3.24
2013-06-26;1.73
2013-06-27;2.81
2013-06-28;3.88
2013-06-29;2.33
2013-06-30;2.72
2013-07-01;2.6
2013-07-02;2.77
2013-07-03;3.18
2013-07-04;1.89
2013-07-05;3.71
2013-07-06;4.44
2013-07-07;4.39
2013-07-08;4.88
2013-07-09;4.56
2013-07-10;3.75
2013-07-11;4.93
2013-07-12;4.81
2013-07-13;4.43
2013-07-14;3.92
2013-07-15;2.8
2013-07-16;3.72
2013-07-17;4.89
2013-07-18;3.98
2013-07-19;5.26
2013-07-20;5.21
2013-07-21;3.88
2013-07-22;5.48
2013-07-23;5.38
2013-07-24;3.75
2013-07-25;3.82
2013-07-26;4.44
2013-07-27;2.43
2013-07-28;2.59
2013-07-29;4.11
2013-07-30;2.34
2013-07-31;3.54
2013-08-01;3.13
2013-08-02;2.91
2013-08-03;4.16
2013-08-04;4
2013-08-05;3.51
2013-08-06;3.47
2013-08-07;2.9
2013-08-08;1.66
2013-08-09;3.32
2013-08-10;2.19
2013-08-11;2.34
2013-08-12;3.2
2013-08-13;2.53
2013-08-14;2.62
2013-08-15;2.92
2013-08-16;1.73
2013-08-17;2.98
2013-08-18;1.82
2013-08-19;3
2013-08-20;3.45
2013-08-21;2.5
2013-08-22;3.18
2013-08-23;3.13
2013-08-24;3.12
2013-08-25;3.5
2013-08-26;3.27
2013-08-27;3.01
2013-08-28;2.78
2013-08-29;2.36
2013-08-30;1.42
2013-08-31;2.23
2013-09-01;2.16
2013-09-02;2.96
2013-09-03;2.45
2013-09-04;1.62
2013-09-05;1.72
2013-09-06;3.41
2013-09-07;3.28
2013-09-08;3.06
2013-09-09;2.82
2013-09-10;1.95
2013-09-11;1.58
2013-09-12;1.86
2013-09-13;2.2
2013-09-14;1.71
2013-09-15;0.96
2013-09-16;1.6
2013-09-17;1.56
2013-09-18;1.17
2013-09-19;1.45
2013-09-20;1.54
2013-09-21;1.31
2013-09-22;0.83
2013-09-23;1.67
2013-09-24;1.43
2013-09-25;1.31
2013-09-26;1.24
2013-09-27;1.42
2013-09-28;0.96
2013-09-29;0.99
2013-09-30;0.98
2013-10-01;1.28
2013-10-02;1.07
2013-10-03;1.35
2013-10-04;1.98
2013-10-05;0.56
2013-10-06;0.89
2013-10-07;0.69
2013-10-08;0.59
2013-10-09;0.97
2013-10-10;0.83
2013-10-11;1.1
2013-10-12;0.98
2013-10-13;0.61
2013-10-14;0.49
2013-10-15;0.59
2013-10-16;0.48
2013-10-17;0.39
2013-10-18;0.57
2013-10-19;0.75
2013-10-20;0.58
2013-10-21;0.36
2013-10-22;0.51
2013-10-23;0.51
2013-10-24;1.2
2013-10-25;0.97
2013-10-26;0.6
2013-10-27;0.75
2013-10-28;0.48
2013-10-29;0.87
2013-10-30;0.74
2013-10-31;0.48
2013-11-01;0.52
2013-11-02;0.22
2013-11-03;0.69
2013-11-04;0.67
2013-11-05;0.47
2013-11-06;0.06
2013-11-07;0.32
2013-11-08;0.42
2013-11-09;0.28
2013-11-10;0.18
2013-11-11;0.09
2013-11-12;0.43
2013-11-13;0.62
2013-11-14;0.36
2013-11-15;0.46
2013-11-16;0.46
2013-11-17;0.35
2013-11-18;0.16
2013-11-19;0.42
2013-11-20;0.15
2013-11-21;0.12
2013-11-22;0.1
2013-11-23;
2013-11-24;
2013-11-25;
2013-11-26;
2013-11-27;0.32
2013-11-28;1.43
2013-11-29;0.39
2013-11-30;0.01
2013-12-01;0.84
2013-12-02;0.49
2013-12-03;0.3
2013-12-04;0.31
2013-12-05;0.47
2013-12-06;1.19
2013-12-07;1.45
2013-12-08;0.58
2013-12-09;0.19
2013-12-10;0.11
2013-12-11;0.19
2013-12-12;0.14
2013-12-13;0.15
2013-12-14;0.09
2013-12-15;0.13
2013-12-16;0.17
2013-12-17;0.17
2013-12-18;0.09
2013-12-19;0.13
2013-12-20;0.18
2013-12-21;0.16
2013-12-22;0.2
2013-12-23;0.31
2013-12-24;0.28
2013-12-25;0.25
2013-12-26;0.16
2013-12-27;0.16
2013-12-28;0.3
2013-12-29;0.29
2013-12-30;0.28
2013-12-31;0.23
2014-01-01;0.36
2014-01-02;0.34
2014-01-03;0.18
2014-01-04;0.22
2014-01-05;0.23
2014-01-06;0.23
2014-01-07;0.14
2014-01-08;0.18
2014-01-09;0.14
2014-01-10;0.14
2014-01-11;0.23
2014-01-12;0.3
2014-01-13;0.24
2014-01-14;0.13
2014-01-15;0.27
2014-01-16;0.43
2014-01-17;0.42
2014-01-18;0.42
2014-01-19;0.16
2014-01-20;0.45
2014-01-21;0.24
2014-01-22;0.38
2014-01-23;0.5
2014-01-24;0.32
2014-01-25;0.41
2014-01-26;0.46
2014-01-27;0.41
2014-01-28;0.3
2014-01-29;0.4
2014-01-30;0.27
2014-01-31;0.18
2014-02-01;0.17
2014-02-02;0.18
2014-02-03;0.17
2014-02-04;0.33
2014-02-05;0.12
2014-02-06;0.28
2014-02-07;0.26
2014-02-08;0.28
2014-02-09;0.34
2014-02-10;0.24
2014-02-11;0.44
2014-02-12;0.19
2014-02-13;0.3
2014-02-14;0.23
2014-02-15;0.6
2014-02-16;0.6
2014-02-17;0.38
2014-02-18;0.25
2014-02-19;0.21
2014-02-20;0.26
2014-02-21;0.32
2014-02-22;0.32
2014-02-23;0.55
2014-02-24;0.9
2014-02-25;0.8
2014-02-26;0.65
2014-02-27;0.58
2014-02-28;0.42
2014-03-01;0.37
2014-03-02;0.38
2014-03-03;0.6
2014-03-04;0.84
2014-03-05;0.65
2014-03-06;0.62
2014-03-07;0.94
2014-03-08;1.05
2014-03-09;1.18
2014-03-10;0.58
2014-03-11;1.54
2014-03-12;1.23
2014-03-13;1.26
2014-03-14;1.01
2014-03-15;1.58
2014-03-16;1.58
2014-03-17;1.6
2014-03-18;0.58
2014-03-19;0.6
2014-03-20;1.35
2014-03-21;1.23
2014-03-22;1.41
2014-03-23;1.11
2014-03-24;1.44
2014-03-25;1.54
2014-03-26;1.03
2014-03-27;0.92
2014-03-28;2.71
2014-03-29;3.13
2014-03-30;2.36
2014-03-31;2.12
2014-04-01;2.15
2014-04-02;2.08
2014-04-03;2.18
2014-04-04;2.36
2014-04-05;1.46
2014-04-06;0.78
2014-04-07;1.19
2014-04-08;0.73
2014-04-09;0.69
2014-04-10;0.81
2014-04-11;1.69
2014-04-12;1.05
2014-04-13;1.61
2014-04-14;2.23
2014-04-15;3.1
2014-04-16;2.67
2014-04-17;1.92
2014-04-18;1.68
2014-04-19;3.24
2014-04-20;4.19
2014-04-21;4.22
2014-04-22;3.35
2014-04-23;3.8
2014-04-24;3.58
2014-04-25;4.12
2014-04-26;4.89
2014-04-27;4.69
2014-04-28;4.16
2014-04-29;3.89
2014-04-30;2
2014-05-01;3.36
2014-05-02;3.51
2014-05-03;2.9
2014-05-04;3.18
2014-05-05;3.22
2014-05-06;1.34
2014-05-07;1.12
2014-05-08;1.76
2014-05-09;2.41
2014-05-10;2.88
2014-05-11;2.01
2014-05-12;1.7
2014-05-13;1.48
2014-05-14;2.03
2014-05-15;3.61
2014-05-16;3.12
2014-05-17;4.06
2014-05-18;3.98
2014-05-19;3.09
2014-05-20;3.51
2014-05-21;4.6
2014-05-22;6.39
2014-05-23;5.18
2014-05-24;3.44
2014-05-25;3.78
2014-05-26;4.46
2014-05-27;4.54
2014-05-28;4.49
2014-05-29;5.02
2014-05-30;5.15
2014-05-31;2.84
2014-06-01;3.96
2014-06-02;5.22
2014-06-03;3.35
2014-06-04;2.05
2014-06-05;2.83
2014-06-06;2.36
2014-06-07;3.64
2014-06-08;4.47
2014-06-09;5.1
2014-06-10;5.78
2014-06-11;4.09
2014-06-12;4.23
2014-06-13;4.52
2014-06-14;5.23
2014-06-15;5.18
2014-06-16;4.33
2014-06-17;5.16
2014-06-18;5.21
2014-06-19;3.51
2014-06-20;3.98
2014-06-21;3.12
2014-06-22;4.66
2014-06-23;4.16
2014-06-24;4.01
2014-06-25;4.78
2014-06-26;4.77
2014-06-27;3.27
2014-06-28;2.02
2014-06-29;2.06
2014-06-30;3.64
2014-07-01;3.08
2014-07-02;3.33
2014-07-03;2.07
2014-07-04;4.29
2014-07-05;5.17
2014-07-06;4.82
2014-07-07;4.12
2014-07-08;4.58
2014-07-09;7.01
2014-07-10;6.55
2014-07-11;6.72
2014-07-12;4.93
2014-07-13;2.01
2014-07-14;3.27
2014-07-15;2.58
2014-07-16;3.9
2014-07-17;3.89
2014-07-18;4.09
2014-07-19;5.02
2014-07-20;5.35
2014-07-21;5.59
2014-07-22;5.08
2014-07-23;5.71
2014-07-24;5.75
2014-07-25;5.17
2014-07-26;4.64
2014-07-27;4.24
2014-07-28;4.49
2014-07-29;4.87
2014-07-30;4.26
2014-07-31;3.73
2014-08-01;3.92
2014-08-02;5.01
2014-08-03;3.37
2014-08-04;2.55
2014-08-05;3.01
2014-08-06;3.65
2014-08-07;3.42
2014-08-08;3.5
2014-08-09;3.08
2014-08-10;3.78
2014-08-11;3.47
2014-08-12;2.88
2014-08-13;1.85
2014-08-14;2.76
2014-08-15;2.9
2014-08-16;2.55
2014-08-17;1.57
2014-08-18;2.56
2014-08-19;1.59
2014-08-20;2.39
2014-08-21;2.84
2014-08-22;1.78
2014-08-23;2.18
2014-08-24;1.82
2014-08-25;1.92
2014-08-26;2.28
2014-08-27;3.1
2014-08-28;2.56
2014-08-29;2.13
2014-08-30;1.33
2014-08-31;1.7
2014-09-01;2.61
2014-09-02;2.7
2014-09-03;2.83
2014-09-04;2.85
2014-09-05;2.54
2014-09-06;3.02
2014-09-07;2.01
2014-09-08;1.92
2014-09-09;1.6
2014-09-10;2.09
2014-09-11;2.09
2014-09-12;2.31
2014-09-13;1.9
2014-09-14;2.17
2014-09-15;2.75
2014-09-16;2.29
2014-09-17;1.83
2014-09-18;2.08
2014-09-19;2.02
2014-09-20;1.78
2014-09-21;1.36
2014-09-22;1.94
2014-09-23;1.43
2014-09-24;0.73
2014-09-25;1.6
2014-09-26;1.68
2014-09-27;2.15
2014-09-28;1.29
2014-09-29;1.71
2014-09-30;1.49
2014-10-01;1.06
2014-10-02;1.38
2014-10-03;0.91
2014-10-04;1.55
2014-10-05;1.46
2014-10-06;1.65
2014-10-07;1.03
2014-10-08;1.07
2014-10-09;0.93
2014-10-10;1.06
2014-10-11;0.85
2014-10-12;0.74
2014-10-13;0.46
2014-10-14;0.63
2014-10-15;0.45
2014-10-16;0.61
2014-10-17;0.84
2014-10-18;0.54
2014-10-19;0.42
2014-10-20;0.78
2014-10-21;0.52
2014-10-22;0.65
2014-10-23;0.51
2014-10-24;0.38
2014-10-25;0.36
2014-10-26;0.71
2014-10-27;0.8
2014-10-28;0.64
2014-10-29;1
2014-10-30;0.21
2014-10-31;0.34
2014-11-01;0.4
2014-11-02;0.49
2014-11-03;0.62
2014-11-04;0.4
2014-11-05;0.28
2014-11-06;0.27
2014-11-07;0.19
2014-11-08;0.34
2014-11-09;0.23
2014-11-10;0.21
2014-11-11;0.25
2014-11-12;0.37
2014-11-13;0.46
2014-11-14;0.36
2014-11-15;0.46
2014-11-16;0.56
2014-11-17;0.36
2014-11-18;0.32
2014-11-19;0.34
2014-11-20;0.15
2014-11-21;0.14
2014-11-22;0.07
2014-11-23;0.4
2014-11-24;0.31
2014-11-25;
2014-11-26;0.03
2014-11-27;0.04
2014-11-28;0.02
2014-11-29;0.4
2014-11-30;0.06
2014-12-01;0.01
2014-12-02;0.37
2014-12-03;0.21
2014-12-04;0.3
2014-12-05;0.14
2014-12-06;
2014-12-07;0.22
2014-12-08;
2014-12-09;
2014-12-10;0.44
2014-12-11;0.38
2014-12-12;0.19
2014-12-13;0.81
2014-12-14;0.38
2014-12-15;0.36
2014-12-16;0.57
2014-12-17;
2014-12-18;0.13
2014-12-19;0.36
2014-12-20;0.49
2014-12-21;0.42
2014-12-22;0.38
2014-12-23;0.75
2014-12-24;0.28
2014-12-25;
2014-12-26;0.18
2014-12-27;0.14
2014-12-28;0.07
2014-12-29;0.12
2014-12-30;0.03
2014-12-31;0.03
2015-01-01;0.21
2015-01-02;0.83
2015-01-03;1.06
2015-01-04;0.29
2015-01-05;0.02
2015-01-06;0.71
2015-01-07;
2015-01-08;0.3
2015-01-09;0.23
2015-01-10;1.04
2015-01-11;1.2
2015-01-12;0.58
2015-01-13;0.51
2015-01-14;0.21
2015-01-15;0.39
2015-01-16;0.55
2015-01-17;0.34
2015-01-18;0.22
2015-01-19;0.1
2015-01-20;0.19
2015-01-21;0.16
2015-01-22;0.1
2015-01-23;0.08
2015-01-24;0.24
2015-01-25;
2015-01-26;0.12
2015-01-27;0.08
2015-01-28;0.19
2015-01-29;0.24
2015-01-30;0.04
2015-01-31;0.14
2015-02-01;0.2
2015-02-02;0.2
2015-02-03;0.22
2015-02-04;0.26
2015-02-05;0.18
2015-02-06;0.16
2015-02-07;0.98
2015-02-08;0.87
2015-02-09;0.22
2015-02-10;0.21
2015-02-11;0.28
2015-02-12;0.31
2015-02-13;0.22
2015-02-14;0.27
2015-02-15;0.65
2015-02-16;0.68
2015-02-17;0.48
2015-02-18;0.31
2015-02-19;0.29
2015-02-20;0.24
2015-02-21;0.31
2015-02-22;0.71
2015-02-23;0.68
2015-02-24;0.42
2015-02-25;0.4
2015-02-26;0.92
2015-02-27;0.69
2015-02-28;0.57
2015-03-01;0.72
2015-03-02;0.4
2015-03-03;0.74
2015-03-04;0.77
2015-03-05;0.84
2015-03-06;0.68
2015-03-07;0.67
2015-03-08;0.61
2015-03-09;1.11
2015-03-10;1.13
2015-03-11;1.54
2015-03-12;1.38
2015-03-13;1.56
2015-03-14;1.8
2015-03-15;1.77
2015-03-16;1.49
2015-03-17;1.8
2015-03-18;1.55
2015-03-19;1.6
2015-03-20;0.98
2015-03-21;1.3
2015-03-22;1.11
2015-03-23;0.74
2015-03-24;1.45
2015-03-25;1.06
2015-03-26;0.97
2015-03-27;1.04
2015-03-28;1.39
2015-03-29;0.77
2015-03-30;0.73
2015-03-31;1.03
2015-04-01;1.98
2015-04-02;1.79
2015-04-03;1.86
2015-04-04;2.11
2015-04-05;1.94
2015-04-06;2.05
2015-04-07;1.56
2015-04-08;2.7
2015-04-09;2.52
2015-04-10;0.81
2015-04-11;2.75
2015-04-12;2.4
2015-04-13;2.63
2015-04-14;1.05
2015-04-15;1.23
2015-04-16;2.73
2015-04-17;2.34
2015-04-18;2.5
2015-04-19;3.09
2015-04-20;3.95
2015-04-21;3.24
2015-04-22;3.36
2015-04-23;2.6
2015-04-24;2.52
2015-04-25;1.87
2015-04-26;2.45
2015-04-27;2.2
2015-04-28;2.87
2015-04-29;2.11
2015-04-30;1.68
2015-05-01;2.39
2015-05-02;2.8
2015-05-03;2.67
2015-05-04;2.21
2015-05-05;1.78
2015-05-06;2.73
2015-05-07;1.74
2015-05-08;2.88
2015-05-09;2.35
2015-05-10;2.68
2015-05-11;3.8
2015-05-12;1.53
2015-05-13;1.6
2015-05-14;3.69
2015-05-15;3.52
2015-05-16;1.75
2015-05-17;2.96
2015-05-18;2.95
2015-05-19;2.71
2015-05-20;2.73
2015-05-21;3.04
2015-05-22;1.6
2015-05-23;3.74
2015-05-24;2.72
2015-05-25;2.97
2015-05-26;3.18
2015-05-27;3.9
2015-05-28;1.75
2015-05-29;2.29
2015-05-30;2.05
2015-05-31;2.97
2015-06-01;3.23
2015-06-02;1.51
2015-06-03;2.34
2015-06-04;4.04
2015-06-05;4.2
2015-06-06;3.68
2015-06-07;3.37
2015-06-08;3.23
2015-06-09;4.68
2015-06-10;4.04
2015-06-11;4.26
2015-06-12;4.74
2015-06-13;3.63
2015-06-14;3.66
2015-06-15;4.15
2015-06-16;4.63
2015-06-17;1.91
2015-06-18;1.94
2015-06-19;2.71
2015-06-20;4.2
2015-06-21;3.39
2015-06-22;3.37
2015-06-23;2.85
2015-06-24;2.19
2015-06-25;3.77
2015-06-26;4.3
2015-06-27;2.19
2015-06-28;2.09
2015-06-29;2.14
2015-06-30;4.81
2015-07-01;5.14
2015-07-02;6.39
2015-07-03;6.09
2015-07-04;4.66
2015-07-05;5.06
2015-07-06;4.1
2015-07-07;3.02
2015-07-08;2.46
2015-07-09;2.68
2015-07-10;4.24
2015-07-11;4.35
2015-07-12;2.41
2015-07-13;2.62
2015-07-14;3.3
2015-07-15;3.39
2015-07-16;4.42
2015-07-17;3.83
2015-07-18;4.11
2015-07-19;2.87
2015-07-20;3.03
2015-07-21;2.21
2015-07-22;2.6
2015-07-23;3.48
2015-07-24;3.25
2015-07-25;1.84
2015-07-26;1.68
2015-07-27;2.63
2015-07-28;2.09
2015-07-29;2.58
2015-07-30;2.65
2015-07-31;2.58
2015-08-01;3.07
2015-08-02;2.54
2015-08-03;3.73
2015-08-04;4.56
2015-08-05;3.59
2015-08-06;3.95
2015-08-07;3.8
2015-08-08;3.21
2015-08-09;4.04
2015-08-10;3.12
2015-08-11;2.5
2015-08-12;3.15
2015-08-13;4.18
2015-08-14;4.82
2015-08-15;4.65
2015-08-16;3.54
2015-08-17;5.04
2015-08-18;5
2015-08-19;4.6
2015-08-20;4.21
2015-08-21;4.15
2015-08-22;3.63
2015-08-23;4.17
2015-08-24;3.37
2015-08-25;1.83
2015-08-26;1.84
2015-08-27;1.69
2015-08-28;2.93
2015-08-29;2.56
2015-08-30;2.76
2015-08-31;1.45
2015-09-01;1.1
2015-09-02;1.74
2015-09-03;1.91
2015-09-04;2.12
2015-09-05;1.3
2015-09-06;2.29
2015-09-07;2.6
2015-09-08;2.33
2015-09-09;2.22
2015-09-10;2.18
2015-09-11;2.56
2015-09-12;2.2
2015-09-13;1.59
2015-09-14;2.15
2015-09-15;1.81
2015-09-16;1.62
2015-09-17;1.52
2015-09-18;1.88
2015-09-19;1.96
2015-09-20;1.67
2015-09-21;1.13
2015-09-22;0.82
2015-09-23;1.06
2015-09-24;0.95
2015-09-25;1.4
2015-09-26;1.68
2015-09-27;1.42
2015-09-28;1.32
2015-09-29;1.32
2015-09-30;1.05
2015-10-01;1.63
2015-10-02;1.5
2015-10-03;0.78
2015-10-04;0.84
2015-10-05;1.17
2015-10-06;1.85
2015-10-07;1.87
2015-10-08;1.33
2015-10-09;1.21
2015-10-10;0.73
2015-10-11;0.78
2015-10-12;0.93
2015-10-13;0.83
2015-10-14;0.72
2015-10-15;0.78
2015-10-16;0.75
2015-10-17;0.46
2015-10-18;0.52
2015-10-19;0.38
2015-10-20;0.5
2015-10-21;0.56
2015-10-22;0.56
2015-10-23;0.99
2015-10-24;0.74
2015-10-25;1.16
2015-10-26;0.4
2015-10-27;0.13
2015-10-28;0.32
2015-10-29;0.39
2015-10-30;0.43
2015-10-31;0.48
2015-11-01;0.32
2015-11-02;0.59
2015-11-03;0.26
2015-11-04;0.17
2015-11-05;0.21
2015-11-06;0.18
2015-11-07;0.37
2015-11-08;0.69
2015-11-09;0.72
2015-11-10;0.71
2015-11-11;0.4
2015-11-12;0.57
2015-11-13;0.62
2015-11-14;0.73
2015-11-15;0.25
2015-11-16;0.43
2015-11-17;0.35
2015-11-18;0.14
2015-11-19;0.33
2015-11-20;
2015-11-21;0.01
2015-11-22;0.31
2015-11-23;
2015-11-24;0.29
2015-11-25;0.13
2015-11-26;0.04
2015-11-27;0.23
2015-11-28;0.67
2015-11-29;0.59
2015-11-30;0.85
2015-12-01;0.99
2015-12-02;0.47
2015-12-03;0.04
2015-12-04;0.64
2015-12-05;0.47
2015-12-06;0.99
2015-12-07;0.19
2015-12-08;0.24
2015-12-09;0.55
2015-12-10;0.35
2015-12-11;0.33
2015-12-12;
2015-12-13;
2015-12-14;0.04
2015-12-15;0.02
2015-12-16;0.04
2015-12-17;0.03
2015-12-18;0.18
2015-12-19;0.13
2015-12-20;0.28
2015-12-21;0.46
2015-12-22;0.51
2015-12-23;0.67
2015-12-24;0.53
2015-12-25;0.77
2015-12-26;0.64
2015-12-27;0.97
2015-12-28;0.07
2015-12-29;0.42
2015-12-30;0.65
2015-12-31;0.62
2016-01-01;0.07
2016-01-02;0.72
2016-01-03;0.47
2016-01-04;0.05
2016-01-05;0.14
2016-01-06;0.01
2016-01-07;0.23
2016-01-08;0.28
2016-01-09;0.17
2016-01-10;0.23
2016-01-11;0.04
2016-01-12;0.16
2016-01-13;0.37
2016-01-14;0.05
2016-01-15;
2016-01-16;0.14
2016-01-17;
2016-01-18;
2016-01-19;0.09
2016-01-20;
2016-01-21;
2016-01-22;0.15
2016-01-23;0.14
2016-01-24;0.08
2016-01-25;0.08
2016-01-26;0.19
2016-01-27;0.28
2016-01-28;0.89
2016-01-29;0.54
2016-01-30;0.55
2016-01-31;0.52
2016-02-01;0.6
2016-02-02;0.75
2016-02-03;0.45
2016-02-04;0.3
2016-02-05;0.24
2016-02-06;0.24
2016-02-07;0.62
2016-02-08;0.73
2016-02-09;0.33
2016-02-10;0.21
2016-02-11;0.25
2016-02-12;0.2
2016-02-13;0.3
2016-02-14;0.14
2016-02-15;0.26
2016-02-16;0.34
2016-02-17;0.54
2016-02-18;0.38
2016-02-19;0.29
2016-02-20;0.35
2016-02-21;0.4
2016-02-22;0.54
2016-02-23;0.38
2016-02-24;0.37
2016-02-25;0.49
2016-02-26;0.4
2016-02-27;0.51
2016-02-28;0.47
2016-02-29;0.45
2016-03-01;0.71
2016-03-02;0.54
2016-03-03;0.48
2016-03-04;0.38
2016-03-05;0.51
2016-03-06;0.35
2016-03-07;0.35
2016-03-08;0.38
2016-03-09;0.67
2016-03-10;0.79
2016-03-11;0.83
2016-03-12;0.57
2016-03-13;0.4
2016-03-14;0.9
2016-03-15;1.15
2016-03-16;0.98
2016-03-17;0.46
2016-03-18;1.37
2016-03-19;1.44
2016-03-20;1.39
2016-03-21;1.35
2016-03-22;1.25
2016-03-23;1.57
2016-03-24;1.32
2016-03-25;0.61
2016-03-26;1.62
2016-03-27;1.48
2016-03-28;2.22
2016-03-29;1.17
2016-03-30;1.08
2016-03-31;1.81
2016-04-01;2.19
2016-04-02;2.02
2016-04-03;1.34
2016-04-04;1.94
2016-04-05;1.18
2016-04-06;0.8
2016-04-07;0.85
2016-04-08;1.09
2016-04-09;2
2016-04-10;2.02
2016-04-11;2.9
2016-04-12;2.97
2016-04-13;2.22
2016-04-14;2.38
2016-04-15;1
2016-04-16;1.23
2016-04-17;1.07
2016-04-18;1.18
2016-04-19;3.05
2016-04-20;2.85
2016-04-21;1.94
2016-04-22;3.22
2016-04-23;2.79
2016-04-24;1.44
2016-04-25;1.81
2016-04-26;2.46
2016-04-27;1.87
2016-04-28;1.8
2016-04-29;2.81
2016-04-30;1.97
2016-05-01;2.76
2016-05-02;3.51
2016-05-03;2.54
2016-05-04;3.34
2016-05-05;3.44
2016-05-06;4.07
2016-05-07;4.74
2016-05-08;4.91
2016-05-09;4.42
2016-05-10;5.1
2016-05-11;5.08
2016-05-12;4.82
2016-05-13;4.01
2016-05-14;1.49
2016-05-15;1.98
2016-05-16;2.76
2016-05-17;3.38
2016-05-18;2.99
2016-05-19;3.31
2016-05-20;1.93
2016-05-21;2.27
2016-05-22;3.68
2016-05-23;2.84
2016-05-24;3.29
2016-05-25;1.88
2016-05-26;4.19
2016-05-27;2.42
2016-05-28;2.76
2016-05-29;3.45
2016-05-30;5.96
2016-05-31;5.3
2016-06-01;5.32
2016-06-02;4.99
2016-06-03;6.5
2016-06-04;5.73
2016-06-05;5.83
2016-06-06;5.19
2016-06-07;5.02
2016-06-08;4.16
2016-06-09;4.36
2016-06-10;4.08
2016-06-11;4.22
2016-06-12;3.55
2016-06-13;4.6
2016-06-14;3.41
2016-06-15;2.51
2016-06-16;3.11
2016-06-17;3.54
2016-06-18;1.95
2016-06-19;2.13
2016-06-20;2.68
2016-06-21;3.55
2016-06-22;3.31
2016-06-23;2.73
2016-06-24;3.21
2016-06-25;3.69
2016-06-26;2.96
2016-06-27;2.59
2016-06-28;3.74
2016-06-29;3.15
2016-06-30;1.84
2016-07-01;2.16
2016-07-02;2.86
2016-07-03;3.35
2016-07-04;3.04
2016-07-05;2.97
2016-07-06;3.41
2016-07-07;3.62
2016-07-08;3.38
2016-07-09;2.68
2016-07-10;1.82
2016-07-11;2.24
2016-07-12;2.01
2016-07-13;2.47
2016-07-14;3.13
2016-07-15;3.66
2016-07-16;2.14
2016-07-17;3.56
2016-07-18;3.35
2016-07-19;3.95
2016-07-20;3.21
2016-07-21;4.74
2016-07-22;5.2
2016-07-23;3.6
2016-07-24;4.77
2016-07-25;4.1
2016-07-26;3.66
2016-07-27;3.66
2016-07-28;3.5
2016-07-29;3.11
2016-07-30;4.04
2016-07-31;2.92
2016-08-01;2.97
2016-08-02;3.31
2016-08-03;3.09
2016-08-04;2.45
2016-08-05;2.63
2016-08-06;2.25
2016-08-07;2.2
2016-08-08;2.67
2016-08-09;3.01
2016-08-10;2.08
2016-08-11;2.94
2016-08-12;1.43
2016-08-13;1.99
2016-08-14;3.61
2016-08-15;3.57
2016-08-16;3.18
2016-08-17;3.35
2016-08-18;2.5
2016-08-19;2.53
2016-08-20;1.47
2016-08-21;2.68
2016-08-22;2.24
2016-08-23;2.81
2016-08-24;2.36
2016-08-25;3.58
2016-08-26;4.26
2016-08-27;3.4
2016-08-28;1.29
2016-08-29;1.65
2016-08-30;2.12
2016-08-31;2
2016-09-01;2.77
2016-09-02;1.69
2016-09-03;2.24
2016-09-04;2.68
2016-09-05;2.64
2016-09-06;2.75
2016-09-07;1.24
2016-09-08;2.04
2016-09-09;2.02
2016-09-10;2.37
2016-09-11;2.33
2016-09-12;1.74
2016-09-13;2.49
2016-09-14;2.28
2016-09-15;2.33
2016-09-16;1.63
2016-09-17;2.25
2016-09-18;1.41
2016-09-19;1.56
2016-09-20;1.41
2016-09-21;1.94
2016-09-22;1.1
2016-09-23;1.74
2016-09-24;1.69
2016-09-25;1.81
2016-09-26;1.09
2016-09-27;1.29
2016-09-28;1.54
2016-09-29;1.92
2016-09-30;1.6
2016-10-01;1.4
2016-10-02;1.31
2016-10-03;1.36
2016-10-04;1.15
2016-10-05;1.24
2016-10-06;1.85
2016-10-07;1.49
2016-10-08;1.22
2016-10-09;0.98
2016-10-10;0.94
2016-10-11;0.94
2016-10-12;1.06
2016-10-13;0.71
2016-10-14;0.91
2016-10-15;1.25
2016-10-16;0.54
2016-10-17;0.39
2016-10-18;0.36
2016-10-19;0.42
2016-10-20;0.62
2016-10-21;0.58
2016-10-22;0.45
2016-10-23;0.32
2016-10-24;0.38
2016-10-25;0.3
2016-10-26;0.42
2016-10-27;0.36
2016-10-28;1.04
2016-10-29;1.08
2016-10-30;
2016-10-31;0.32
2016-11-01;0.67
2016-11-02;0.27
2016-11-03;
2016-11-04;0.17
2016-11-05;0.31
2016-11-06;0.45
2016-11-07;0.29
2016-11-08;0.25
2016-11-09;0.11
2016-11-10;0.23
2016-11-11;0.11
2016-11-12;
2016-11-13;0.25
2016-11-14;0.24
2016-11-15;0.15
2016-11-16;0.17
2016-11-17;0.25
2016-11-18;0.47
2016-11-19;0.42
2016-11-20;0.32
2016-11-21;0.27
2016-11-22;0.28
2016-11-23;0.28
2016-11-24;0.13
2016-11-25;0.19
2016-11-26;0.96
2016-11-27;1.14
2016-11-28;
2016-11-29;0.39
2016-11-30;0.75
2016-12-01;0.67
2016-12-02;
2016-12-03;
2016-12-04;
2016-12-05;0.13
2016-12-06;
2016-12-07;0.17
2016-12-08;0.09
2016-12-09;0.36
2016-12-10;0.09
2016-12-11;
2016-12-12;
2016-12-13;0.23
2016-12-14;
2016-12-15;
2016-12-16;0.17
2016-12-17;0.11
2016-12-18;0.04
2016-12-19;0.02
2016-12-20;0.21
2016-12-21;0.24
2016-12-22;
2016-12-23;0.03
2016-12-24;0.28
2016-12-25;0.49
2016-12-26;0.96
2016-12-27;1.28
2016-12-28;
2016-12-29;0.46
2016-12-30;0.3
2016-12-31;0.1
2017-01-01;0.18
2017-01-02;
2017-01-03;0.63
2017-01-04;0.76
2017-01-05;
2017-01-06;0.38
2017-01-07;0.15
2017-01-08;0.06
2017-01-09;0.16
2017-01-10;0.21
2017-01-11;0.78
2017-01-12;0.78
2017-01-13;
2017-01-14;0.06
2017-01-15;
2017-01-16;
2017-01-17;0.16
2017-01-18;0.08
2017-01-19;0.04
2017-01-20;
2017-01-21;0.08
2017-01-22;0.11
2017-01-23;
2017-01-24;0.14
2017-01-25;0.22
2017-01-26;0.26
2017-01-27;0.04
2017-01-28;0.04
2017-01-29;0.27
2017-01-30;0.23
2017-01-31;0.24
2017-02-01;0.28
2017-02-02;0.42
2017-02-03;0.33
2017-02-04;0.25
2017-02-05;0.28
2017-02-06;0.62
2017-02-07;0.78
2017-02-08;0.9
2017-02-09;0.38
2017-02-10;0.59
2017-02-11;0.61
2017-02-12;0.57
2017-02-13;0.06
2017-02-14;0.06
2017-02-15;0.45
2017-02-16;0.27
2017-02-17;0.2
2017-02-18;0.2
2017-02-19;0.24
2017-02-20;0.35
2017-02-21;0.91
2017-02-22;0.8
2017-02-23;1.05
2017-02-24;0.74
2017-02-25;0.79
2017-02-26;0.26
2017-02-27;0.36
2017-02-28;0.72
2017-03-01;0.58
2017-03-02;0.53
2017-03-03;0.75
2017-03-04;0.62
2017-03-05;0.62
2017-03-06;0.78
2017-03-07;0.67
2017-03-08;0.71
2017-03-09;0.36
2017-03-10;0.99
2017-03-11;1.01
2017-03-12;1
2017-03-13;0.94
2017-03-14;0.57
2017-03-15;1.8
2017-03-16;0.84
2017-03-17;1.2
2017-03-18;1.4
2017-03-19;0.96
2017-03-20;0.82
2017-03-21;1.03
2017-03-22;1.04
2017-03-23;1.32
2017-03-24;1.68
2017-03-25;1.78
2017-03-26;1.29
2017-03-27;0.58
2017-03-28;0.81
2017-03-29;0.73
2017-03-30;0.77
2017-03-31;0.94
2017-04-01;0.87
2017-04-02;1.44
2017-04-03;1.71
2017-04-04;1.64
2017-04-05;2.02
2017-04-06;1.68
2017-04-07;2.41
2017-04-08;1.69
2017-04-09;1.63
2017-04-10;2
2017-04-11;2.59
2017-04-12;1.6
2017-04-13;0.99
2017-04-14;2.18
2017-04-15;1.63
2017-04-16;1.23
2017-04-17;1.63
2017-04-18;2.05
2017-04-19;2.18
2017-04-20;0.93
2017-04-21;2.39
2017-04-22;3.58
2017-04-23;2.78
2017-04-24;2.08
2017-04-25;1.44
2017-04-26;2.63
2017-04-27;2.5
2017-04-28;1.04
2017-04-29;2.69
2017-04-30;2.85
2017-05-01;4.05
2017-05-02;4.64
2017-05-03;4.01
2017-05-04;4.38
2017-05-05;4.76
2017-05-06;4.28
2017-05-07;2.64
2017-05-08;3.21
2017-05-09;2.73
2017-05-10;2.26
2017-05-11;1.13
2017-05-12;3.3
2017-05-13;2.34
2017-05-14;2.09
2017-05-15;2.39
2017-05-16;2.31
2017-05-17;1.35
2017-05-18;5.51
2017-05-19;3.35
2017-05-20;4.91
2017-05-21;3.66
2017-05-22;3
2017-05-23;4.08
2017-05-24;3.73
2017-05-25;4.26
2017-05-26;4.87
2017-05-27;5.22
2017-05-28;3.77
2017-05-29;1.54
2017-05-30;1.76
2017-05-31;2.81
2017-06-01;4.44
2017-06-02;2.58
2017-06-03;3.24
2017-06-04;1.97
2017-06-05;3.56
2017-06-06;4.38
2017-06-07;2.58
2017-06-08;2.55
2017-06-09;2.37
2017-06-10;3.24
2017-06-11;1.88
2017-06-12;2.13
2017-06-13;4.74
2017-06-14;4.33
2017-06-15;3.54
2017-06-16;2.26
2017-06-17;4.45
2017-06-18;4.2
2017-06-19;4.09
2017-06-20;4.92
2017-06-21;4.79
2017-06-22;2.1
2017-06-23;2.64
2017-06-24;3.71
2017-06-25;2.53
2017-06-26;4
2017-06-27;4.83
2017-06-28;4.36
2017-06-29;4.44
2017-06-30;3.92
2017-07-01;5.7
2017-07-02;3.57
2017-07-03;3.57
2017-07-04;4.62
2017-07-05;4.31
2017-07-06;4
2017-07-07;3.16
2017-07-08;2.8
2017-07-09;3.66
2017-07-10;3.14
2017-07-11;3.24
2017-07-12;3.82
2017-07-13;4.71
2017-07-14;3.55
2017-07-15;4.46
2017-07-16;2.47
2017-07-17;4.36
2017-07-18;3.82
2017-07-19;4.41
2017-07-20;5.44
2017-07-21;2.61
2017-07-22;4.51
2017-07-23;3.66
2017-07-24;2.52
2017-07-25;3.34
2017-07-26;3.45
2017-07-27;2.45
2017-07-28;3.41
2017-07-29;2.08
2017-07-30;2.4
2017-07-31;2.99
2017-08-01;3.71
2017-08-02;3.11
2017-08-03;1.94
2017-08-04;1.74
2017-08-05;3.14
2017-08-06;3.1
2017-08-07;2.74
2017-08-08;3.14
2017-08-09;2.67
2017-08-10;2.9
2017-08-11;2.62
2017-08-12;1.63
2017-08-13;2.75
2017-08-14;3.42
2017-08-15;3.4
2017-08-16;3.02
2017-08-17;3.37
2017-08-18;2.3
2017-08-19;2.68
2017-08-20;2.07
2017-08-21;2.94
2017-08-22;3.05
2017-08-23;3.07
2017-08-24;2.03
2017-08-25;1.66
2017-08-26;1.68
2017-08-27;1.86
2017-08-28;2.53
2017-08-29;2.78
2017-08-30;2.3
2017-08-31;0.98
2017-09-01;2.6
2017-09-02;2.48
2017-09-03;2.53
2017-09-04;1.07
2017-09-05;1.09
2017-09-06;1.01
2017-09-07;1.4
2017-09-08;0.93
2017-09-09;1.11
2017-09-10;1.52
2017-09-11;1.3
2017-09-12;1.9
2017-09-13;1.03
2017-09-14;1.44
2017-09-15;1.47
2017-09-16;1.51
2017-09-17;0.99
2017-09-18;1.41
2017-09-19;0.78
2017-09-20;0.82
2017-09-21;0.92
2017-09-22;0.91
2017-09-23;0.86
2017-09-24;1.3
2017-09-25;1.76
2017-09-26;1.58
2017-09-27;1.88
2017-09-28;2.01
2017-09-29;1.73
2017-09-30;2.05
2017-10-01;1.53
2017-10-02;0.89
2017-10-03;1.5
2017-10-04;1.47
2017-10-05;1.09
2017-10-06;0.9
2017-10-07;0.9
2017-10-08;1.02
2017-10-09;0.77
2017-10-10;0.76
2017-10-11;0.73
2017-10-12;1.41
2017-10-13;1.21
2017-10-14;0.63
2017-10-15;0.81
2017-10-16;0.78
2017-10-17;1.2
2017-10-18;0.84
2017-10-19;0.77
2017-10-20;0.66
2017-10-21;0.88
2017-10-22;0.44
2017-10-23;0.7
2017-10-24;0.71
2017-10-25;0.44
2017-10-26;0.84
2017-10-27;0.63
2017-10-28;1.67
2017-10-29;1.29
2017-10-30;1.09
2017-10-31;0.65
2017-11-01;0.38
2017-11-02;0.38
2017-11-03;0.43
2017-11-04;0.46
2017-11-05;0.46
2017-11-06;0.09
2017-11-07;0.07
2017-11-08;
2017-11-09;0.58
2017-11-10;0.38
2017-11-11;0.57
2017-11-12;
2017-11-13;
2017-11-14;0.16
2017-11-15;0.29
2017-11-16;0.34
2017-11-17;0.89
2017-11-18;0.61
2017-11-19;0.19
2017-11-20;
2017-11-21;
2017-11-22;0.21
2017-11-23;0.93
2017-11-24;0.36
2017-11-25;
2017-11-26;0.23
2017-11-27;0.24
2017-11-28;0.11
2017-11-29;0.05
2017-11-30;0.06
2017-12-01;0.12
2017-12-02;0.13
2017-12-03;0.14
2017-12-04;
2017-12-05;0.33
2017-12-06;0.15
2017-12-07;0.41
2017-12-08;0.79
2017-12-09;0.68
2017-12-10;0.14
2017-12-11;0.04
2017-12-12;
2017-12-13;0.22
2017-12-14;0.04
2017-12-15;0.02
2017-12-16;
2017-12-17;
2017-12-18;0.1
2017-12-19;
2017-12-20;0.09
2017-12-21;
2017-12-22;0.37
2017-12-23;0.53
2017-12-24;0.23
2017-12-25;0.12
2017-12-26;0.48
2017-12-27;0.34
2017-12-28;0.1
2017-12-29;0.19
2017-12-30;0.14
2017-12-31;0.1
2018-01-01;0.12
2018-01-02;
2018-01-03;0.29
2018-01-04;0.12
2018-01-05;0.11
2018-01-06;0.19
2018-01-07;
2018-01-08;
2018-01-09;0.09
2018-01-10;0.53
2018-01-11;0.14
2018-01-12;0.23
2018-01-13;0.41
2018-01-14;0.59
2018-01-15;0.53
2018-01-16;0.16
2018-01-17;0.09
2018-01-18;0.13
2018-01-19;
2018-01-20;0.15
2018-01-21;0.17
2018-01-22;0.25
2018-01-23;0.3
2018-01-24;0.42
2018-01-25;0.42
2018-01-26;0.31
2018-01-27;0.06
2018-01-28;0.55
2018-01-29;0.28
2018-01-30;0.26
2018-01-31;0.28
2018-02-01;0.3
2018-02-02;0.47
2018-02-03;0.34
2018-02-04;0.46
2018-02-05;
2018-02-06;0.31
2018-02-07;0.33
2018-02-08;0.22
2018-02-09;0.46
2018-02-10;0.48
2018-02-11;0.51
2018-02-12;0.32
2018-02-13;0.27
2018-02-14;0.33
2018-02-15;0.78
2018-02-16;0.28
2018-02-17;0.27
2018-02-18;0.4
2018-02-19;0.28
2018-02-20;0.3
2018-02-21;0.3
2018-02-22;0.34
2018-02-23;0.38
2018-02-24;0.54
2018-02-25;0.51
2018-02-26;0.46
2018-02-27;0.65
2018-02-28;0.52
2018-03-01;0.5
2018-03-02;0.49
2018-03-03;0.54
2018-03-04;0.61
2018-03-05;0.58
2018-03-06;0.35
2018-03-07;0.6
2018-03-08;0.43
2018-03-09;0.44
2018-03-10;0.65
2018-03-11;0.46
2018-03-12;0.44
2018-03-13;0.48
2018-03-14;0.86
2018-03-15;0.96
2018-03-16;1.25
2018-03-17;1.19
2018-03-18;1.01
2018-03-19;0.87
2018-03-20;1.35
2018-03-21;0.96
2018-03-22;0.56
2018-03-23;0.5
2018-03-24;0.51
2018-03-25;1.18
2018-03-26;0.68
2018-03-27;0.79
2018-03-28;1.43
2018-03-29;1.85
2018-03-30;1.68
2018-03-31;1.81
2018-04-01;1.57
2018-04-02;1.82
2018-04-03;1.24
2018-04-04;0.86
2018-04-05;1.24
2018-04-06;2.32
2018-04-07;2.85
2018-04-08;2.64
2018-04-09;1.81
2018-04-10;2.61
2018-04-11;3.34
2018-04-12;3.63
2018-04-13;4.65
2018-04-14;2.87
2018-04-15;1.22
2018-04-16;1.32
2018-04-17;1.12
2018-04-18;2.03
2018-04-19;1.89
2018-04-20;3.97
2018-04-21;3.02
2018-04-22;2.34
2018-04-23;1.82
2018-04-24;1.01
2018-04-25;2.13
2018-04-26;1.54
2018-04-27;2.17
2018-04-28;1.92
2018-04-29;1.99
2018-04-30;1.7
2018-05-01;1.39
2018-05-02;3.16
2018-05-03;2.44
2018-05-04;2.56
2018-05-05;3.06
2018-05-06;3.63
2018-05-07;4.51
2018-05-08;4.88
2018-05-09;5.86
2018-05-10;5.65
2018-05-11;3.92
2018-05-12;3.78
2018-05-13;4.11
2018-05-14;5.46
2018-05-15;5.81
2018-05-16;4.83
2018-05-17;3.98
2018-05-18;4.94
2018-05-19;4.73
2018-05-20;4.29
2018-05-21;4.53
2018-05-22;5.24
2018-05-23;5.53
2018-05-24;5.78
2018-05-25;5.89
2018-05-26;5.29
2018-05-27;4.49
2018-05-28;3.43
2018-05-29;3.92
2018-05-30;6.55
2018-05-31;6.91
2018-06-01;6.09
2018-06-02;5.91
2018-06-03;6.14
2018-06-04;5.29
2018-06-05;6.46
2018-06-06;4.08
2018-06-07;5.49
2018-06-08;5.94
2018-06-09;5.49
2018-06-10;4.19
2018-06-11;2.14
2018-06-12;4.06
2018-06-13;4.79
2018-06-14;3.07
2018-06-15;3.77
2018-06-16;4.28
2018-06-17;2.63
2018-06-18;2.87
2018-06-19;4.31
2018-06-20;2.53
2018-06-21;2.96
2018-06-22;3.88
2018-06-23;4.65
2018-06-24;4.97
2018-06-25;4.72
2018-06-26;5.78
2018-06-27;5.31
2018-06-28;6.06
2018-06-29;6.16
2018-06-30;5.36
2018-07-01;5.83
2018-07-02;6.04
2018-07-03;5.87
2018-07-04;5.55
2018-07-05;4.01
2018-07-06;4.71
2018-07-07;4.56
2018-07-08;5.76
2018-07-09;4.22
2018-07-10;5.04
2018-07-11;4.61
2018-07-12;5.74
2018-07-13;6.03
2018-07-14;3.15
2018-07-15;3.24
2018-07-16;5.28
2018-07-17;4.68
2018-07-18;3.03
2018-07-19;4.83
2018-07-20;4.96
2018-07-21;4.66
2018-07-22;4.09
2018-07-23;4.25
2018-07-24;4.27
2018-07-25;5.54
2018-07-26;5.63
2018-07-27;5.79
2018-07-28;5.18
2018-07-29;4.49
2018-07-30;4.03
2018-07-31;5.76
2018-08-01;4.1
2018-08-02;4.74
2018-08-03;4.2
2018-08-04;4.41
2018-08-05;4.56
2018-08-06;3.06
2018-08-07;4.28
2018-08-08;4.71
2018-08-09;4.48
2018-08-10;3.02
2018-08-11;2.27
2018-08-12;3.79
2018-08-13;3.89
2018-08-14;1.41
2018-08-15;2.75
2018-08-16;2.49
2018-08-17;2.73
2018-08-18;2.28
2018-08-19;2.34
2018-08-20;2.94
2018-08-21;3.48
2018-08-22;2.56
2018-08-23;2.35
2018-08-24;1.86
2018-08-25;2.7
2018-08-26;2.79
2018-08-27;1.53
2018-08-28;2.14
2018-08-29;1.74
2018-08-30;1.49
2018-08-31;1.14
2018-09-01;2.02
2018-09-02;2.68
2018-09-03;2.99
2018-09-04;1.71
2018-09-05;1.8
2018-09-06;2.29
2018-09-07;1.92
2018-09-08;1.9
2018-09-09;1.3
2018-09-10;1.73
2018-09-11;1.41
2018-09-12;2.39
2018-09-13;1.89
2018-09-14;1.35
2018-09-15;2.31
2018-09-16;1.62
2018-09-17;1.9
2018-09-18;3.7
2018-09-19;1.7
2018-09-20;1.81
2018-09-21;2.06
2018-09-22;2.39
2018-09-23;2.18
2018-09-24;1.82
2018-09-25;1.98
2018-09-26;1.4
2018-09-27;1.59
2018-09-28;1.98
2018-09-29;1.26
2018-09-30;1.71
2018-10-01;0.92
2018-10-02;0.97
2018-10-03;1.42
2018-10-04;1.04
2018-10-05;1.07
2018-10-06;0.67
2018-10-07;0.85
2018-10-08;0.93
2018-10-09;0.93
2018-10-10;0.8
2018-10-11;1.43
2018-10-12;1.63
2018-10-13;1.44
2018-10-14;2.52
2018-10-15;1.13
2018-10-16;0.64
2018-10-17;0.86
2018-10-18;0.94
2018-10-19;0.62
2018-10-20;0.73
2018-10-21;0.47
2018-10-22;1.55
2018-10-23;1.95
2018-10-24;0.94
2018-10-25;0.95
2018-10-26;0.53
2018-10-27;0.59
2018-10-28;0.36
2018-10-29;0.69
2018-10-30;0.45
2018-10-31;0.76
2018-11-01;0.55
2018-11-02;0.44
2018-11-03;0.52
2018-11-04;0.33
2018-11-05;0.35
2018-11-06;0.2
2018-11-07;0.13
2018-11-08;0.21
2018-11-09;0.22
2018-11-10;0.37
2018-11-11;0.3
2018-11-12;0.28
2018-11-13;0.24
2018-11-14;0.28
2018-11-15;0.28
2018-11-16;0.03
2018-11-17;0.2
2018-11-18;0.24
2018-11-19;0.31
2018-11-20;0.01
2018-11-21;0.19
2018-11-22;0.16
2018-11-23;0.13
2018-11-24;0.17
2018-11-25;
2018-11-26;0.02
2018-11-27;
2018-11-28;0.15
2018-11-29;0.62
2018-11-30;0.34
2018-12-01;0.18
2018-12-02;0.14
2018-12-03;0.29
2018-12-04;1.08
2018-12-05;
2018-12-06;0.19
2018-12-07;0.11
2018-12-08;0.23
2018-12-09;0.17
2018-12-10;0.61
2018-12-11;0.3
2018-12-12;0.32
2018-12-13;0.33
2018-12-14;0.27
2018-12-15;0.3
2018-12-16;0.17
2018-12-17;0.05
2018-12-18;0.12
2018-12-19;0.22
2018-12-20;0.17
2018-12-21;0.33
2018-12-22;0.37
2018-12-23;0.2
2018-12-24;0.09
2018-12-25;0.29
2018-12-26;
2018-12-27;0.13
2018-12-28;
2018-12-29;0.06
2018-12-30;
2018-12-31;0.14
2019-01-01;1.67
2019-01-02;1.08
2019-01-03;
2019-01-04;
2019-01-05;
2019-01-06;
2019-01-07;0.21
2019-01-08;0.25
2019-01-09;
2019-01-10;0.12
2019-01-11;0.11
2019-01-12;0.07
2019-01-13;0.52
2019-01-14;1.14
2019-01-15;0.46
2019-01-16;0.21
2019-01-17;0.27
2019-01-18;
2019-01-19;0.28
2019-01-20;0.11
2019-01-21;0.11
2019-01-22;0.18
2019-01-23;0.18
2019-01-24;0.27
2019-01-25;0.27
2019-01-26;0.42
2019-01-27;0.36
2019-01-28;0.19
2019-01-29;
2019-01-30;0.13
2019-01-31;0.31
2019-02-01;0.29
2019-02-02;0.28
2019-02-03;0.16
2019-02-04;0.19
2019-02-05;0.25
2019-02-06;0.26
2019-02-07;0.38
2019-02-08;0.41
2019-02-09;0.44
2019-02-10;0.54
2019-02-11;0.62
2019-02-12;0.61
2019-02-13;0.72
2019-02-14;0.28
2019-02-15;0.33
2019-02-16;0.63
2019-02-17;0.27
2019-02-18;0.56
2019-02-19;0.57
2019-02-20;0.7
2019-02-21;0.4
2019-02-22;0.7
2019-02-23;0.55
2019-02-24;0.4
2019-02-25;0.62
2019-02-26;0.67
2019-02-27;0.64
2019-02-28;0.91
2019-03-01;0.77
2019-03-02;0.5
2019-03-03;0.73
2019-03-04;0.49
2019-03-05;0.44
2019-03-06;0.44
2019-03-07;0.56
2019-03-08;0.89
2019-03-09;0.59
2019-03-10;0.85
2019-03-11;0.94
2019-03-12;0.66
2019-03-13;0.49
2019-03-14;0.58
2019-03-15;0.58
2019-03-16;0.83
2019-03-17;0.94
2019-03-18;1.23
2019-03-19;1.54
2019-03-20;1.34
2019-03-21;0.67
2019-03-22;1.11
2019-03-23;1.7
2019-03-24;1.45
2019-03-25;1.54
2019-03-26;1.97
2019-03-27;1.7
2019-03-28;1.59
2019-03-29;1.97
2019-03-30;1.08
2019-03-31;2.63
2019-04-01;2.07
2019-04-02;2.97
2019-04-03;2.2
2019-04-04;3.23
2019-04-05;3.26
2019-04-06;2.12
2019-04-07;2.81
2019-04-08;2.34
2019-04-09;2.48
2019-04-10;1.5
2019-04-11;2.06
2019-04-12;2.33
2019-04-13;2.76
2019-04-14;2.93
2019-04-15;2.98
2019-04-16;2.65
2019-04-17;3.27
2019-04-18;3.43
2019-04-19;3.42
2019-04-20;3.86
2019-04-21;3.27
2019-04-22;3.82
2019-04-23;4.46
2019-04-24;3.88
2019-04-25;3.6
2019-04-26;4.98
2019-04-27;1.86
2019-04-28;2.47
2019-04-29;4.52
2019-04-30;3.95
2019-05-01;1.82
2019-05-02;2.69
2019-05-03;2.75
2019-05-04;2.72
2019-05-05;3.12
2019-05-06;2.19
2019-05-07;2.84
2019-05-08;2.55
2019-05-09;1.71
2019-05-10;1.87
2019-05-11;3.47
2019-05-12;2.71
2019-05-13;3.24
2019-05-14;3.6
2019-05-15;3.63
2019-05-16;5.27
2019-05-17;3.84
2019-05-18;2.42
2019-05-19;3.96
2019-05-20;2.85
2019-05-21;3.31
2019-05-22;2.04
2019-05-23;3.9
2019-05-24;1.88
2019-05-25;2.78
2019-05-26;3.55
2019-05-27;1.56
2019-05-28;2.93
2019-05-29;4.05
2019-05-30;2.12
2019-05-31;4.24
2019-06-01;1.99
2019-06-02;3.05
2019-06-03;3.32
2019-06-04;3.81
2019-06-05;4.76
2019-06-06;6.36
2019-06-07;4.43
2019-06-08;2.85
2019-06-09;2.87
2019-06-10;4.16
2019-06-11;2.81
2019-06-12;2.42
2019-06-13;3.86
2019-06-14;4.43
2019-06-15;4.31
2019-06-16;3.4
2019-06-17;4.41
2019-06-18;3.99
2019-06-19;4.66
2019-06-20;2.94
2019-06-21;4
2019-06-22;4.34
2019-06-23;4.89
2019-06-24;4.97
2019-06-25;4.62
2019-06-26;4.28
2019-06-27;5.1
2019-06-28;5.14
2019-06-29;4.58
2019-06-30;7.07
2019-07-01;4.01
2019-07-02;3.97
2019-07-03;4.37
2019-07-04;2.46
2019-07-05;5.05
2019-07-06;2.19
2019-07-07;3.07
2019-07-08;4.62
2019-07-09;4.21
2019-07-10;4.28
2019-07-11;4.85
2019-07-12;4.93
2019-07-13;4.73
2019-07-14;3.16
2019-07-15;2.42
2019-07-16;3.92
2019-07-17;4.93
2019-07-18;4.94
2019-07-19;3.4
2019-07-20;4.39
2019-07-21;3.01
2019-07-22;2.52
2019-07-23;3.11
2019-07-24;4.47
2019-07-25;5.24
2019-07-26;5.99
2019-07-27;6.4
2019-07-28;4.29
2019-07-29;4.58
2019-07-30;2.94
2019-07-31;2
2019-08-01;3.81
2019-08-02;4.54
2019-08-03;4.28
2019-08-04;2.47
2019-08-05;3.11
2019-08-06;3.04
2019-08-07;2.8
2019-08-08;3.3
2019-08-09;3.5
2019-08-10;1.88
2019-08-11;2.21
2019-08-12;3.02
2019-08-13;2.99
2019-08-14;3.59
2019-08-15;2.3
2019-08-16;2.01
2019-08-17;1.45
2019-08-18;2.21
2019-08-19;2.49
2019-08-20;3.07
2019-08-21;2.81
2019-08-22;2.17
2019-08-23;2.03
2019-08-24;2.57
2019-08-25;3.49
2019-08-26;3.57
2019-08-27;3.4
2019-08-28;1.85
2019-08-29;1.64
2019-08-30;2.42
2019-08-31;3.66
2019-09-01;2.19
2019-09-02;2.9
2019-09-03;2.07
2019-09-04;1.28
2019-09-05;2.11
2019-09-06;1.87
2019-09-07;2.1
2019-09-08;2.15
2019-09-09;1.46
2019-09-10;1.75
2019-09-11;1.82
2019-09-12;2.07
2019-09-13;2.61
2019-09-14;2.39
2019-09-15;2.26
2019-09-16;2.58
2019-09-17;2.37
2019-09-18;1.97
2019-09-19;1.44
2019-09-20;1.4
2019-09-21;1.83
2019-09-22;1.6
2019-09-23;2.06
2019-09-24;0.99
2019-09-25;1.45
2019-09-26;1.51
2019-09-27;0.92
2019-09-28;1.03
2019-09-29;0.85
2019-09-30;1.27
2019-10-01;1.61
2019-10-02;1.12
2019-10-03;1.13
2019-10-04;0.82
2019-10-05;0.96
2019-10-06;0.8
2019-10-07;0.75
2019-10-08;0.61
2019-10-09;0.6
2019-10-10;0.84
2019-10-11;0.64
2019-10-12;1.01
2019-10-13;0.99
2019-10-14;0.74
2019-10-15;0.71
2019-10-16;0.44
2019-10-17;0.5
2019-10-18;0.45
2019-10-19;0.73
2019-10-20;0.51
2019-10-21;0.37
2019-10-22;0.71
2019-10-23;1.04
2019-10-24;0.9
2019-10-25;0.98
2019-10-26;0.44
2019-10-27;0.56
2019-10-28;0.09
2019-10-29;
2019-10-30;0.56
2019-10-31;0.24
2019-11-01;0.86
2019-11-02;0.4
2019-11-03;0.32
2019-11-04;0.6
2019-11-05;0.44
2019-11-06;0.45
2019-11-07;0.45
2019-11-08;0.27
2019-11-09;0.19
2019-11-10;0.27
2019-11-11;0.36
2019-11-12;0.42
2019-11-13;0.19
2019-11-14;0.19
2019-11-15;0.42
2019-11-16;0.32
2019-11-17;0.22
2019-11-18;0.4
2019-11-19;0.31
2019-11-20;0.24
2019-11-21;0.23
2019-11-22;0.27
2019-11-23;0.2
2019-11-24;0.25
2019-11-25;0.1
2019-11-26;0.07
2019-11-27;0.09
2019-11-28;0.1
2019-11-29;0.12
2019-11-30;
2019-12-01;0.12
2019-12-02;
2019-12-03;0.36
2019-12-04;0.3
2019-12-05;0.53
2019-12-06;0.3
2019-12-07;0.27
2019-12-08;0.43
2019-12-09;0.58
2019-12-10;0.03
2019-12-11;0.28
2019-12-12;0.15
2019-12-13;0.22
2019-12-14;0.17
2019-12-15;0.21
2019-12-16;0.23
2019-12-17;0.15
2019-12-18;0.19
2019-12-19;0.21
2019-12-20;0.17
2019-12-21;0.12
2019-12-22;0.02
2019-12-23;0.21
2019-12-24;0.1
2019-12-25;0.1
2019-12-26;0.09
2019-12-27;
2019-12-28;0.21
2019-12-29;0.31
2019-12-30;0.4
2019-12-31;0.36
2020-01-01;0.57
2020-01-02;0.4
2020-01-03;0.61
2020-01-04;0.94
2020-01-05;0.6
2020-01-06;0.15
2020-01-07;0.26
2020-01-08;0.61
2020-01-09;0.28
2020-01-10;0.17
2020-01-11;0.3
2020-01-12;0.28
2020-01-13;0.25
2020-01-14;0.56
2020-01-15;0.47
2020-01-16;0.59
2020-01-17;0.36
2020-01-18;0.27
2020-01-19;
2020-01-20;0.22
2020-01-21;0.63
2020-01-22;0.64
2020-01-23;0.53
2020-01-24;0.46
2020-01-25;0.31
2020-01-26;0.27
2020-01-27;0.23
2020-01-28;0.22
2020-01-29;0.25
2020-01-30;0.25
2020-01-31;0.19
2020-02-01;0.29
2020-02-02;0.4
2020-02-03;0.04
2020-02-04;0.33
2020-02-05;0.45
2020-02-06;0.24
2020-02-07;0.29
2020-02-08;0.42
2020-02-09;0.53
2020-02-10;1.03
2020-02-11;0.53
2020-02-12;0.92
2020-02-13;0.57
2020-02-14;0.3
2020-02-15;0.49
2020-02-16;0.84
2020-02-17;0.89
2020-02-18;0.75
2020-02-19;0.68
2020-02-20;0.49
2020-02-21;0.83
2020-02-22;1.13
2020-02-23;1.13
2020-02-24;0.59
2020-02-25;0.45
2020-02-26;0.79
2020-02-27;0.33
2020-02-28;0.45
2020-02-29;0.5
2020-03-01;0.68
2020-03-02;0.86
2020-03-03;0.5
2020-03-04;0.47
2020-03-05;0.61
2020-03-06;0.74
2020-03-07;0.77
2020-03-08;0.74
2020-03-09;0.61
2020-03-10;0.5
2020-03-11;1.38
2020-03-12;0.88
2020-03-13;1.23
2020-03-14;1.25
2020-03-15;0.98
2020-03-16;1.07
2020-03-17;0.91
2020-03-18;1.27
2020-03-19;1.52
2020-03-20;1.57
2020-03-21;1.5
2020-03-22;1.38
2020-03-23;1.49
2020-03-24;1.86
2020-03-25;2.25
2020-03-26;1.92
2020-03-27;1.68
2020-03-28;1.78
2020-03-29;2.24
2020-03-30;2.03
2020-03-31;1.63
2020-04-01;2.03
2020-04-02;2.01
2020-04-03;2.69
2020-04-04;1.65
2020-04-05;2.58
2020-04-06;3.89
2020-04-07;2.57
2020-04-08;2.34
2020-04-09;2.6
2020-04-10;2.17
2020-04-11;1.62
2020-04-12;1.8
2020-04-13;3.1
2020-04-14;2.59
2020-04-15;2.09
2020-04-16;3.44
2020-04-17;2.81
2020-04-18;2.67
2020-04-19;2.9
2020-04-20;2.98
2020-04-21;3.81
2020-04-22;3.52
2020-04-23;3.53
2020-04-24;2.99
2020-04-25;3.19
2020-04-26;2.08
2020-04-27;1.13
2020-04-28;1.61
2020-04-29;2
2020-04-30;1.79
2020-05-01;1.35
2020-05-02;1.66
2020-05-03;3.07
2020-05-04;2.3
2020-05-05;3.29
2020-05-06;3.44
2020-05-07;3.74
2020-05-08;2.83
2020-05-09;3.18
2020-05-10;1.88
2020-05-11;3.48
2020-05-12;2.85
2020-05-13;3.4
2020-05-14;3.04
2020-05-15;3.16
2020-05-16;3.12
2020-05-17;2.48
2020-05-18;3.37
2020-05-19;2.68
2020-05-20;3.62
2020-05-21;4.28
2020-05-22;4.35
2020-05-23;2.35
2020-05-24;1.51
2020-05-25;3.29
2020-05-26;4.05
2020-05-27;3.4
2020-05-28;4.36
2020-05-29;4.6
2020-05-30;5.4
2020-05-31;5.77
2020-06-01;5.82
2020-06-02;5.77
2020-06-03;4.03
2020-06-04;5.14
2020-06-05;2.98
2020-06-06;3.1
2020-06-07;4.07
2020-06-08;4.07
2020-06-09;3.99
2020-06-10;4.44
2020-06-11;6.69
2020-06-12;6.66
2020-06-13;6.22
2020-06-14;6.5
2020-06-15;6.62
2020-06-16;5.51
2020-06-17;3.25
2020-06-18;4.49
2020-06-19;4.55
2020-06-20;2.86
2020-06-21;1.97
2020-06-22;2.37
2020-06-23;4.58
2020-06-24;5.21
2020-06-25;5.72
2020-06-26;5.48
2020-06-27;5.6
2020-06-28;2.57
2020-06-29;3.89
2020-06-30;2.25
2020-07-01;3.51
2020-07-02;4.3
2020-07-03;2.83
2020-07-04;1.92
2020-07-05;2.39
2020-07-06;2.38
2020-07-07;3.13
2020-07-08;4.15
2020-07-09;3.96
2020-07-10;3.12
2020-07-11;3.6
2020-07-12;3.59
2020-07-13;3.07
2020-07-14;1.7
2020-07-15;2.72
2020-07-16;3.38
2020-07-17;4.28
2020-07-18;4.06
2020-07-19;2.59
2020-07-20;3.65
2020-07-21;3.9
2020-07-22;4.12
2020-07-23;4.2
2020-07-24;2.3
2020-07-25;3.78
2020-07-26;2.1
2020-07-27;4.02
2020-07-28;2.4
2020-07-29;1.9
2020-07-30;2.14
2020-07-31;4.52
2020-08-01;4.41
2020-08-02;2.38
2020-08-03;3.74
2020-08-04;4.12
2020-08-05;1.58
2020-08-06;3.81
2020-08-07;5.48
2020-08-08;4.68
2020-08-09;4.75
2020-08-10;4.48
2020-08-11;3.24
2020-08-12;4.34
2020-08-13;4.04
2020-08-14;4.41
2020-08-15;4.19
2020-08-16;4.47
2020-08-17;4.38
2020-08-18;3.71
2020-08-19;2.27
2020-08-20;2.56
2020-08-21;1.96
2020-08-22;3.29
2020-08-23;2.86
2020-08-24;3.6
2020-08-25;3.18
2020-08-26;1.61
2020-08-27;2.53
2020-08-28;2.06
2020-08-29;1.39
2020-08-30;2.46
2020-08-31;2.95
2020-09-01;2.72
2020-09-02;2.66
2020-09-03;2.29
2020-09-04;2.37
2020-09-05;2.4
2020-09-06;2.46
2020-09-07;2.43
2020-09-08;2.37
2020-09-09;2
2020-09-10;2.85
2020-09-11;1.83
2020-09-12;1.55
2020-09-13;1.46
2020-09-14;1.17
2020-09-15;1.5
2020-09-16;2.21
2020-09-17;1.96
2020-09-18;1.46
2020-09-19;1.49
2020-09-20;0.96
2020-09-21;0.94
2020-09-22;1.25
2020-09-23;2.01
2020-09-24;2.1
2020-09-25;1.39
2020-09-26;1.17
2020-09-27;1.57
2020-09-28;1.57
2020-09-29;1.27
2020-09-30;1.11
2020-10-01;1.14
2020-10-02;1.72
2020-10-03;1.47
2020-10-04;0.99
2020-10-05;1.11
2020-10-06;0.9
2020-10-07;0.73
2020-10-08;0.8
2020-10-09;1.2
2020-10-10;0.79
2020-10-11;0.51
2020-10-12;0.66
2020-10-13;0.74
2020-10-14;1.12
2020-10-15;0.75
2020-10-16;0.57
2020-10-17;0.6
2020-10-18;0.73
2020-10-19;0.39
2020-10-20;0.67
2020-10-21;0.37
2020-10-22;0.54
2020-10-23;0.91
2020-10-24;0.53
2020-10-25;0.56
2020-10-26;0.47
2020-10-27;0.63
2020-10-28;0.65
2020-10-29;0.27
2020-10-30;0.24
2020-10-31;0.23
2020-11-01;0.52
2020-11-02;0.64
2020-11-03;0.58
2020-11-04;0.61
2020-11-05;1.24
2020-11-06;0.26
2020-11-07;0.4
2020-11-08;0.27
2020-11-09;0.37
2020-11-10;0.27
2020-11-11;0.33
2020-11-12;0.26
2020-11-13;0.24
2020-11-14;0.02
2020-11-15;0.42
2020-11-16;0.52
2020-11-17;0.37
2020-11-18;0.42
2020-11-19;1.04
2020-11-20;0.76
2020-11-21;0.62
2020-11-22;0.73
2020-11-23;0.46
2020-11-24;0.36
2020-11-25;0.29
2020-11-26;0.04
2020-11-27;
2020-11-28;
2020-11-29;0.16
2020-11-30;0.21
2020-12-01;
2020-12-02;0.16
2020-12-03;0.49
2020-12-04;0.22
2020-12-05;0.22
2020-12-06;0.18
2020-12-07;0.4
2020-12-08;0.13
2020-12-09;0.15
2020-12-10;0.21
2020-12-11;0.2
2020-12-12;0.15
2020-12-13;0.05
2020-12-14;0.25
2020-12-15;0.11
2020-12-16;0.1
2020-12-17;0.16
2020-12-18;0.16
2020-12-19;0.2
2020-12-20;0.15
2020-12-21;0.23
2020-12-22;0.24
2020-12-23;0.1
2020-12-24;
2020-12-25;
2020-12-26;0.31
2020-12-27;0.24
2020-12-28;0.18
2020-12-29;0.14
2020-12-30;0.13
2020-12-31;0.11
2021-01-01;0.07
2021-01-02;0.08
2021-01-03;0.29
2021-01-04;0.41
2021-01-05;0.34
2021-01-06;0.31
2021-01-07;0.24
2021-01-08;0.15
2021-01-09;0.09
2021-01-10;0.26
2021-01-11;0.18
2021-01-12;
2021-01-13;0.24
2021-01-14;0.39
2021-01-15;
2021-01-16;
2021-01-17;0.11
2021-01-18;0.19
2021-01-19;0.11
2021-01-20;0.16
2021-01-21;0.68
2021-01-22;0.57
2021-01-23;0.21
2021-01-24;0.17
2021-01-25;0.18
2021-01-26;
2021-01-27;0.14
2021-01-28;0.11
2021-01-29;0.19
2021-01-30;
2021-01-31;
2021-02-01;0.17
2021-02-02;0.05
2021-02-03;0.29
2021-02-04;0.15
2021-02-05;0.15
2021-02-06;0.17
2021-02-07;0.31
2021-02-08;0.41
2021-02-09;0.39
2021-02-10;0.41
2021-02-11;0.23
2021-02-12;0.24
2021-02-13;0.11
2021-02-14;
2021-02-15;0.77
2021-02-16;0.41
2021-02-17;0.38
2021-02-18;0.37
2021-02-19;0.29
2021-02-20;0.43
2021-02-21;0.46
2021-02-22;0.55
2021-02-23;0.5
2021-02-24;0.64
2021-02-25;0.81
2021-02-26;1.03
2021-02-27;0.7
2021-02-28;0.56
2021-03-01;0.55
2021-03-02;0.41
2021-03-03;0.36
2021-03-04;1.07
2021-03-05;0.76
2021-03-06;1.13
2021-03-07;1.71
2021-03-08;0.66
2021-03-09;0.7
2021-03-10;1.12
2021-03-11;1.04
2021-03-12;0.83
2021-03-13;0.73
2021-03-14;0.9
2021-03-15;0.83
2021-03-16;1
2021-03-17;1.28
2021-03-18;1.14
2021-03-19;1.38
2021-03-20;1.05
2021-03-21;1.85
2021-03-22;1.36
2021-03-23;0.69
2021-03-24;0.91
